epoch,step,train_loss_epoch,train_loss_step,val_loss
0,49,,0.6689074635505676,
0,99,,0.6776237487792969,
0,149,,0.6492859125137329,
0,199,,0.638532280921936,
0,249,,0.6305821537971497,
0,299,,0.6167992949485779,
0,349,,0.6237543225288391,
0,399,,0.6124219298362732,
0,449,,0.5973061323165894,
0,499,,0.5894381999969482,
0,549,,0.6079745888710022,
0,599,,0.6158718466758728,
0,649,,0.5484498739242554,
0,699,,0.5869404673576355,
0,749,,0.6183856725692749,
0,799,,0.5806534886360168,
0,849,,0.5823719501495361,
0,899,,0.5955649614334106,
0,949,,0.5673904418945312,
0,999,,0.591978907585144,
0,1049,,0.5745832324028015,
0,1099,,0.5654190182685852,
0,1149,,0.5597402453422546,
0,1199,,0.5518961548805237,
0,1249,,0.5515714287757874,
0,1299,,0.5010809898376465,
0,1349,,0.48797932267189026,
0,1399,,0.5497390031814575,
0,1449,,0.4611366093158722,
0,1499,,0.43229541182518005,
0,1549,,0.4488227069377899,
0,1599,,0.43265628814697266,
0,1649,,0.38390228152275085,
0,1699,,0.34099337458610535,
0,1749,,0.39753270149230957,
0,1799,,0.39656656980514526,
0,1849,,0.38244500756263733,
0,1899,,0.36464986205101013,
0,1949,,0.3146722614765167,
0,1999,,0.33978551626205444,
0,2049,,0.3168078064918518,
0,2099,,0.3053840696811676,
0,2149,,0.3293323218822479,
0,2199,,0.3171581029891968,
0,2249,,0.2852384150028229,
0,2299,,0.28903865814208984,
0,2349,,0.2889100909233093,
0,2399,,0.25731146335601807,
0,2449,,0.22585193812847137,
0,2499,,0.24324730038642883,
0,2549,,0.27017274498939514,
0,2599,,0.24094092845916748,
0,2649,,0.23172636330127716,
0,2699,,0.20534424483776093,
0,2749,,0.2802880108356476,
0,2799,,0.20207561552524567,
0,2849,,0.21664221584796906,
0,2899,,0.2572675347328186,
0,2949,,0.18741294741630554,
0,2999,,0.17474137246608734,
0,3049,,0.18670505285263062,
0,3099,,0.17625059187412262,
0,3149,,0.15423709154129028,
0,3199,,0.13702456653118134,
0,3249,,0.1823478490114212,
0,3299,,0.16864417493343353,
0,3349,,0.13686875998973846,
0,3399,,0.1171843484044075,
0,3449,,0.17752160131931305,
0,3499,,0.15154653787612915,
0,3549,,0.14218354225158691,
0,3599,,0.15925197303295135,
0,3649,,0.12001139670610428,
0,3699,,0.15289999544620514,
0,3749,,0.19480809569358826,
0,3799,,0.13536497950553894,
0,3849,,0.11786238849163055,
0,3899,,0.12974189221858978,
0,3949,,0.14271140098571777,
0,3999,,0.16013841331005096,
0,4049,,0.12746666371822357,
0,4099,,0.13505183160305023,
0,4149,,0.12548165023326874,
0,4199,,0.12722168862819672,
0,4249,,0.13262632489204407,
0,4299,,0.13541902601718903,
0,4349,,0.12377989292144775,
0,4399,,0.11905107647180557,
0,4449,,0.12075798213481903,
0,4499,,0.15814658999443054,
0,4549,,0.13469132781028748,
0,4599,,0.14071601629257202,
0,4649,,0.12705808877944946,
0,4699,,0.15195606648921967,
0,4749,,0.1694248765707016,
0,4799,,0.11281488835811615,
0,4849,,0.09977320581674576,
0,4899,,0.1038784608244896,
0,4949,,0.12216147780418396,
0,4999,,0.11964709311723709,
0,5049,,0.11980345100164413,
0,5099,,0.09321320801973343,
0,5149,,0.11077607423067093,
0,5199,,0.11326512694358826,
0,5249,,0.12040987610816956,
0,5299,,0.10987313091754913,
0,5349,,0.1275690197944641,
0,5399,,0.1333008110523224,
0,5449,,0.11249875277280807,
0,5499,,0.10821262001991272,
0,5549,,0.11086280643939972,
0,5599,,0.10991518944501877,
0,5649,,0.10894276946783066,
0,5699,,0.12447398155927658,
0,5749,,0.092387855052948,
0,5799,,0.10403723269701004,
0,5849,,0.12323439866304398,
0,5899,,0.11648282408714294,
0,5949,,0.11427934467792511,
0,5999,,0.10274333506822586,
0,6049,,0.10248137265443802,
0,6099,,0.0944165363907814,
0,6149,,0.11312215030193329,
0,6199,,0.11783217638731003,
0,6249,,0.12311185896396637,
0,6299,,0.10140267014503479,
0,6349,,0.14301592111587524,
0,6399,,0.11471442878246307,
0,6449,,0.11229504644870758,
0,6499,,0.10951095819473267,
0,6549,,0.11862701922655106,
0,6599,,0.1271309107542038,
0,6649,,0.09453373402357101,
0,6699,,0.09039365500211716,
0,6749,,0.10284784436225891,
0,6799,,0.13178220391273499,
0,6849,,0.1329018622636795,
0,6899,,0.09629040211439133,
0,6949,,0.12371056526899338,
0,6999,,0.10492783039808273,
0,7049,,0.10798242688179016,
0,7099,,0.12651708722114563,
0,7149,,0.12470901757478714,
0,7199,,0.10175783187150955,
0,7249,,0.12412726134061813,
0,7299,,0.12168800085783005,
0,7349,,0.10165289789438248,
0,7399,,0.11284862458705902,
0,7449,,0.10079415142536163,
0,7499,,0.10253589600324631,
0,7549,,0.11769271641969681,
0,7599,,0.1358717381954193,
0,7649,,0.1019330844283104,
0,7699,,0.1094466969370842,
0,7749,,0.1384751945734024,
0,7799,,0.1318492293357849,
0,7849,,0.10680697858333588,
0,7899,,0.10206831991672516,
0,7949,,0.09622573107481003,
0,7999,,0.11157877743244171,
0,8049,,0.0887809619307518,
0,8099,,0.11150962114334106,
0,8149,,0.10443874448537827,
0,8199,,0.10518188774585724,
0,8249,,0.09769972413778305,
0,8299,,0.11307491362094879,
0,8349,,0.12959031760692596,
0,8399,,0.10731863230466843,
0,8449,,0.08946345746517181,
0,8499,,0.09566117078065872,
0,8549,,0.08657150715589523,
0,8599,,0.0866052657365799,
0,8649,,0.10247509926557541,
0,8699,,0.08528981357812881,
0,8749,,0.11387574672698975,
0,8799,,0.0881294459104538,
0,8849,,0.08635910600423813,
0,8899,,0.10868694633245468,
0,8949,,0.1263614445924759,
0,8999,,0.07982748746871948,
0,9049,,0.10863666236400604,
0,9099,,0.10305118560791016,
0,9149,,0.2262813150882721,
0,9199,,0.12901313602924347,
0,9249,,0.11768218874931335,
0,9299,,0.11651092022657394,
0,9349,,0.10845949500799179,
0,9399,,0.13197734951972961,
0,9449,,0.10590773820877075,
0,9499,,0.11612067371606827,
0,9549,,0.10344396531581879,
0,9599,,0.09643801301717758,
0,9649,,0.09489931911230087,
0,9698,,,0.18093079328536987
0,9698,0.21968774497509003,,
1,9699,,0.0929422378540039,
1,9749,,0.11060476303100586,
1,9799,,0.09368378669023514,
1,9849,,0.09774544090032578,
1,9899,,0.10578136891126633,
1,9949,,0.12996341288089752,
1,9999,,0.10832405835390091,
1,10049,,0.1051192581653595,
1,10099,,0.11584410816431046,
1,10149,,0.10297969728708267,
1,10199,,0.11253492534160614,
1,10249,,0.12001260370016098,
1,10299,,0.10782277584075928,
1,10349,,0.08777160197496414,
1,10399,,0.11196840554475784,
1,10449,,0.10668065398931503,
1,10499,,0.07393194735050201,
1,10549,,0.10085562616586685,
1,10599,,0.0830012857913971,
1,10649,,0.09559264779090881,
1,10699,,0.10082989931106567,
1,10749,,0.1125325858592987,
1,10799,,0.10228537023067474,
1,10849,,0.09988676756620407,
1,10899,,0.0938575491309166,
1,10949,,0.09024756401777267,
1,10999,,0.10815113037824631,
1,11049,,0.10264068841934204,
1,11099,,0.10087952017784119,
1,11149,,0.10625527054071426,
1,11199,,0.09699832648038864,
1,11249,,0.10633380711078644,
1,11299,,0.11671258509159088,
1,11349,,0.07812612503767014,
1,11399,,0.09126098453998566,
1,11449,,0.10215958207845688,
1,11499,,0.132889986038208,
1,11549,,0.2273567169904709,
1,11599,,0.1274206042289734,
1,11649,,0.1178426593542099,
1,11699,,0.09391014277935028,
1,11749,,0.12564440071582794,
1,11799,,0.10740715265274048,
1,11849,,0.08915574848651886,
1,11899,,0.1072297915816307,
1,11949,,0.09627962112426758,
1,11999,,0.098065584897995,
1,12049,,0.1010998860001564,
1,12099,,0.10320105403661728,
1,12149,,0.10737399756908417,
1,12199,,0.12366658449172974,
1,12249,,0.11170467734336853,
1,12299,,0.1007765680551529,
1,12349,,0.0834561213850975,
1,12399,,0.10876838862895966,
1,12449,,0.12162933498620987,
1,12499,,0.09947217255830765,
1,12549,,0.0960121676325798,
1,12599,,0.08765404671430588,
1,12649,,0.11677291244268417,
1,12699,,0.09468414634466171,
1,12749,,0.0857548713684082,
1,12799,,0.10677123069763184,
1,12849,,0.09938934445381165,
1,12899,,0.10465054959058762,
1,12949,,0.09575575590133667,
1,12999,,0.11229607462882996,
1,13049,,0.09551652520895004,
1,13099,,0.09817664325237274,
1,13149,,0.1016463041305542,
1,13199,,0.12027288228273392,
1,13249,,0.10190102458000183,
1,13299,,0.1257912516593933,
1,13349,,0.13016285002231598,
1,13399,,0.10280866175889969,
1,13449,,0.11181465536355972,
1,13499,,0.11447391659021378,
1,13549,,0.10600192844867706,
1,13599,,0.09782654792070389,
1,13649,,0.11306153237819672,
1,13699,,0.10801481455564499,
1,13749,,0.11128208041191101,
1,13799,,0.0930522084236145,
1,13849,,0.09132061898708344,
1,13899,,0.10656963288784027,
1,13949,,0.11330075562000275,
1,13999,,0.10664796829223633,
1,14049,,0.10602226853370667,
1,14099,,0.0997123271226883,
1,14149,,0.1078072115778923,
1,14199,,0.10984337329864502,
1,14249,,0.08965310454368591,
1,14299,,0.08523485064506531,
1,14349,,0.11440563201904297,
1,14399,,0.10356354713439941,
1,14449,,0.12106603384017944,
1,14499,,0.0883997231721878,
1,14549,,0.11534600704908371,
1,14599,,0.09819269925355911,
1,14649,,0.09351846575737,
1,14699,,0.11248325556516647,
1,14749,,0.09694728255271912,
1,14799,,0.10345575213432312,
1,14849,,0.10405454784631729,
1,14899,,0.10302001982927322,
1,14949,,0.08827225118875504,
1,14999,,0.09732718765735626,
1,15049,,0.11014911532402039,
1,15099,,0.08345822244882584,
1,15149,,0.1038055494427681,
1,15199,,0.11761656403541565,
1,15249,,0.10553264617919922,
1,15299,,0.10201676189899445,
1,15349,,0.09716841578483582,
1,15399,,0.07494726777076721,
1,15449,,0.0971299484372139,
1,15499,,0.09523414820432663,
1,15549,,0.09648251533508301,
1,15599,,0.09481634199619293,
1,15649,,0.08695758134126663,
1,15699,,0.09588255733251572,
1,15749,,0.09484724700450897,
1,15799,,0.10707233101129532,
1,15849,,0.08917457610368729,
1,15899,,0.09911737591028214,
1,15949,,0.0726870745420456,
1,15999,,0.11803247034549713,
1,16049,,0.08666104823350906,
1,16099,,0.09136055409908295,
1,16149,,0.08152575045824051,
1,16199,,0.08900696039199829,
1,16249,,0.09768642485141754,
1,16299,,0.11058803647756577,
1,16349,,0.12088402360677719,
1,16399,,0.07545465230941772,
1,16449,,0.09573043882846832,
1,16499,,0.109323650598526,
1,16549,,0.09964032471179962,
1,16599,,0.09306656569242477,
1,16649,,0.08740340173244476,
1,16699,,0.0840177834033966,
1,16749,,0.0937444344162941,
1,16799,,0.09902220964431763,
1,16849,,0.09697782248258591,
1,16899,,0.12420520931482315,
1,16949,,0.10129940509796143,
1,16999,,0.09658636897802353,
1,17049,,0.08339083194732666,
1,17099,,0.088003009557724,
1,17149,,0.09688260406255722,
1,17199,,0.09473228454589844,
1,17249,,0.09479735791683197,
1,17299,,0.07754430174827576,
1,17349,,0.08214488625526428,
1,17399,,0.11601913720369339,
1,17449,,0.1205316036939621,
1,17499,,0.07359519600868225,
1,17549,,0.10037664324045181,
1,17599,,0.09713660180568695,
1,17649,,0.08456068485975266,
1,17699,,0.09298663586378098,
1,17749,,0.09647653996944427,
1,17799,,0.07742830365896225,
1,17849,,0.10180187225341797,
1,17899,,0.09530539065599442,
1,17949,,0.10647033154964447,
1,17999,,0.10917893052101135,
1,18049,,0.11367670446634293,
1,18099,,0.08370601385831833,
1,18149,,0.08367078006267548,
1,18199,,0.07423549145460129,
1,18249,,0.0883830338716507,
1,18299,,0.11283129453659058,
1,18349,,0.0918278694152832,
1,18399,,0.10043950378894806,
1,18449,,0.10268617421388626,
1,18499,,0.0855197012424469,
1,18549,,0.07936910539865494,
1,18599,,0.09098347276449203,
1,18649,,0.08398790657520294,
1,18699,,0.10685474425554276,
1,18749,,0.10139434039592743,
1,18799,,0.1072695329785347,
1,18849,,0.10172053426504135,
1,18899,,0.09824014455080032,
1,18949,,0.08539126813411713,
1,18999,,0.09804502874612808,
1,19049,,0.09050897508859634,
1,19099,,0.08997096866369247,
1,19149,,0.1255234181880951,
1,19199,,0.08457416296005249,
1,19249,,0.09288845956325531,
1,19299,,0.09447655826807022,
1,19349,,0.09073004871606827,
1,19397,,,0.7783034443855286
1,19397,0.10103593021631241,,
2,19399,,0.10373949259519577,
2,19449,,0.07945216447114944,
2,19499,,0.0888679102063179,
2,19549,,0.09993137419223785,
2,19599,,0.08587194234132767,
2,19649,,0.11100851744413376,
2,19699,,0.1065949946641922,
2,19749,,0.10635149478912354,
2,19799,,0.07549645006656647,
2,19849,,0.10060125589370728,
2,19899,,0.10336118191480637,
2,19949,,0.12110386788845062,
2,19999,,0.1002158597111702,
2,20049,,0.09393475204706192,
2,20099,,0.12046796828508377,
2,20149,,0.09213859587907791,
2,20199,,0.09140599519014359,
2,20249,,0.07648073881864548,
2,20299,,0.09007313847541809,
2,20349,,0.07893131673336029,
2,20399,,0.09230674058198929,
2,20449,,0.10046227276325226,
2,20499,,0.10302228480577469,
2,20549,,0.11661603301763535,
2,20599,,0.08071913570165634,
2,20649,,0.11152539402246475,
2,20699,,0.09378774464130402,
2,20749,,0.09122288972139359,
2,20799,,0.09448853135108948,
2,20849,,0.08380050212144852,
2,20899,,0.09194424003362656,
2,20949,,0.07836537808179855,
2,20999,,0.09597810357809067,
2,21049,,0.09612563252449036,
2,21099,,0.10732092708349228,
2,21149,,0.09136327356100082,
2,21199,,0.08854715526103973,
2,21249,,0.1038355603814125,
2,21299,,0.08466896414756775,
2,21349,,0.0852346122264862,
2,21399,,0.0820733979344368,
2,21449,,0.08594876527786255,
2,21499,,0.10868191719055176,
2,21549,,0.08808748424053192,
2,21599,,0.077309250831604,
2,21649,,0.07836470752954483,
2,21699,,0.08551522344350815,
2,21749,,0.0917804166674614,
2,21799,,0.1015348732471466,
2,21849,,0.11262010037899017,
2,21899,,0.0755259245634079,
2,21949,,0.07929641753435135,
2,21999,,0.09234253317117691,
2,22049,,0.08911166340112686,
2,22099,,0.09108362346887589,
2,22149,,0.09222573041915894,
2,22199,,0.09437642246484756,
2,22249,,0.09948144853115082,
2,22299,,0.11161097884178162,
2,22349,,0.09064238518476486,
2,22399,,0.11761316657066345,
2,22449,,0.10154950618743896,
2,22499,,0.09665398299694061,
2,22549,,0.1002664864063263,
2,22599,,0.0955745205283165,
2,22649,,0.07615947723388672,
2,22699,,0.0849260538816452,
2,22749,,0.09969466179609299,
2,22799,,0.08748078346252441,
2,22849,,0.09775461256504059,
2,22899,,0.07725168019533157,
2,22949,,0.0920611321926117,
2,22999,,0.10259086638689041,
2,23049,,0.09207915514707565,
2,23099,,0.08457643538713455,
2,23149,,0.1023152619600296,
2,23199,,0.07379374653100967,
2,23249,,0.08603833615779877,
2,23299,,0.08425081521272659,
2,23349,,0.10625424981117249,
2,23399,,0.09696339815855026,
2,23449,,0.08385031670331955,
2,23499,,0.08584219962358475,
2,23549,,0.08619949221611023,
2,23599,,0.08391468971967697,
2,23649,,0.10118567943572998,
2,23699,,0.09421097487211227,
2,23749,,0.08676311373710632,
2,23799,,0.10528840869665146,
2,23849,,0.06533096730709076,
2,23899,,0.08353528380393982,
2,23949,,0.09829246997833252,
2,23999,,0.07644489407539368,
2,24049,,0.07905340939760208,
2,24099,,0.07950137555599213,
2,24149,,0.0963263288140297,
2,24199,,0.11197206377983093,
2,24249,,0.09891027957201004,
2,24299,,0.09000372886657715,
2,24349,,0.0776403471827507,
2,24399,,0.09482623636722565,
2,24449,,0.08549443632364273,
2,24499,,0.08625209331512451,
2,24549,,0.0812288448214531,
2,24599,,0.09013976901769638,
2,24649,,0.09443968534469604,
2,24699,,0.06909582763910294,
2,24749,,0.09919187426567078,
2,24799,,0.0847611129283905,
2,24849,,0.09685801714658737,
2,24899,,0.07253216952085495,
2,24949,,0.08252400904893875,
2,24999,,0.08253682404756546,
2,25049,,0.08682508766651154,
2,25099,,0.06616302579641342,
2,25149,,0.09778592735528946,
2,25199,,0.08569993078708649,
2,25249,,0.08757170289754868,
2,25299,,0.10335616022348404,
2,25349,,0.08526591956615448,
2,25399,,0.10090862214565277,
2,25449,,0.09489554911851883,
2,25499,,0.09394017606973648,
2,25549,,0.07585727423429489,
2,25599,,0.09098802506923676,
2,25649,,0.0770341083407402,
2,25699,,0.09622442722320557,
2,25749,,0.0992494747042656,
2,25799,,0.08899646252393723,
2,25849,,0.08446712046861649,
2,25899,,0.07604202628135681,
2,25949,,0.0743032842874527,
2,25999,,0.087615467607975,
2,26049,,0.0922493189573288,
2,26099,,0.07438347488641739,
2,26149,,0.08273756504058838,
2,26199,,0.09969107806682587,
2,26249,,0.10286950320005417,
2,26299,,0.07769306004047394,
2,26349,,0.07568300515413284,
2,26399,,0.09237214922904968,
2,26449,,0.0825529471039772,
2,26499,,0.09801120311021805,
2,26549,,0.10161539167165756,
2,26599,,0.077517569065094,
2,26649,,0.09708650410175323,
2,26699,,0.08667348325252533,
2,26749,,0.0707247406244278,
2,26799,,0.07536409050226212,
2,26849,,0.08820568025112152,
2,26899,,0.08098616451025009,
2,26949,,0.09978434443473816,
2,26999,,0.07876863330602646,
2,27049,,0.08140318095684052,
2,27099,,0.07747095823287964,
2,27149,,0.10402023792266846,
2,27199,,0.07606230676174164,
2,27249,,0.08817886561155319,
2,27299,,0.09421104937791824,
2,27349,,0.10038334131240845,
2,27399,,0.07732992619276047,
2,27449,,0.07915027439594269,
2,27499,,0.09324216097593307,
2,27549,,0.08020034432411194,
2,27599,,0.08610095828771591,
2,27649,,0.09006616473197937,
2,27699,,0.08506164699792862,
2,27749,,0.09293846786022186,
2,27799,,0.10478619486093521,
2,27849,,0.09184207767248154,
2,27899,,0.08487409353256226,
2,27949,,0.0733046904206276,
2,27999,,0.07609668374061584,
2,28049,,0.10263650864362717,
2,28099,,0.10812288522720337,
2,28149,,0.08399245887994766,
2,28199,,0.061779215931892395,
2,28249,,0.0838492289185524,
2,28299,,0.0998443216085434,
2,28349,,0.07880841195583344,
2,28399,,0.08099324256181717,
2,28449,,0.08273391425609589,
2,28499,,0.0811060294508934,
2,28549,,0.07935251295566559,
2,28599,,0.08559071272611618,
2,28649,,0.0826592892408371,
2,28699,,0.0908539742231369,
2,28749,,0.07778903096914291,
2,28799,,0.0572052039206028,
2,28849,,0.07999615371227264,
2,28899,,0.1263948529958725,
2,28949,,0.0976790115237236,
2,28999,,0.07106540352106094,
2,29049,,0.09344235062599182,
2,29096,,,0.16002458333969116
2,29096,0.08891068398952484,,
3,29099,,0.06448419392108917,
3,29149,,0.07654532790184021,
3,29199,,0.07748579233884811,
3,29249,,0.07105141878128052,
3,29299,,0.0801706463098526,
3,29349,,0.0778672844171524,
3,29399,,0.09152809530496597,
3,29449,,0.08898242563009262,
3,29499,,0.09563872218132019,
3,29549,,0.10220276564359665,
3,29599,,0.07451159507036209,
3,29649,,0.08981642872095108,
3,29699,,0.07939743250608444,
3,29749,,0.09226369112730026,
3,29799,,0.07854987680912018,
3,29849,,0.08013850450515747,
3,29899,,0.08255032449960709,
3,29949,,0.08063368499279022,
3,29999,,0.07249143719673157,
3,30049,,0.09126032888889313,
3,30099,,0.09376338869333267,
3,30149,,0.08281821012496948,
3,30199,,0.09777269512414932,
3,30249,,0.08148325234651566,
3,30299,,0.0873028114438057,
3,30349,,0.08949490636587143,
3,30399,,0.07608720660209656,
3,30449,,0.08888602256774902,
3,30499,,0.06011419743299484,
3,30549,,0.0833110362291336,
3,30599,,0.07628025114536285,
3,30649,,0.08690492063760757,
3,30699,,0.08291660249233246,
3,30749,,0.0657832995057106,
3,30799,,0.09784539043903351,
3,30849,,0.09542370587587357,
3,30899,,0.0931321457028389,
3,30949,,0.09848438948392868,
3,30999,,0.06866884231567383,
3,31049,,0.09239592403173447,
3,31099,,0.07727523893117905,
3,31149,,0.08896632492542267,
3,31199,,0.07585366815328598,
3,31249,,0.08241269737482071,
3,31299,,0.09164100885391235,
3,31349,,0.0833284929394722,
3,31399,,0.0979451835155487,
3,31449,,0.08934380114078522,
3,31499,,0.07325268536806107,
3,31549,,0.0819225162267685,
3,31599,,0.09160050004720688,
3,31649,,0.07694736868143082,
3,31699,,0.08191251009702682,
3,31749,,0.0775611624121666,
3,31799,,0.08224811404943466,
3,31849,,0.09883232414722443,
3,31899,,0.07852181047201157,
3,31949,,0.08251621574163437,
3,31999,,0.0887756422162056,
3,32049,,0.07103817164897919,
3,32099,,0.10450975596904755,
3,32149,,0.09277243167161942,
3,32199,,0.07613995671272278,
3,32249,,0.08565602451562881,
3,32299,,0.06674256920814514,
3,32349,,0.10034701973199844,
3,32399,,0.09356352686882019,
3,32449,,0.09092384576797485,
3,32499,,0.07371504604816437,
3,32549,,0.07045404613018036,
3,32599,,0.09896953403949738,
3,32649,,0.08644040673971176,
3,32699,,0.09427686035633087,
3,32749,,0.0944150984287262,
3,32799,,0.06667280942201614,
3,32849,,0.06399369239807129,
3,32899,,0.09294154495000839,
3,32949,,0.0767706111073494,
3,32999,,0.09903866052627563,
3,33049,,0.08218731731176376,
3,33099,,0.08255993574857712,
3,33149,,0.07724380493164062,
3,33199,,0.0740726888179779,
3,33249,,0.07055963575839996,
3,33299,,0.09371761232614517,
3,33349,,0.08108677715063095,
3,33399,,0.08390158414840698,
3,33449,,0.09347334504127502,
3,33499,,0.07329707592725754,
3,33549,,0.07797765731811523,
3,33599,,0.0694010779261589,
3,33649,,0.07563889026641846,
3,33699,,0.09134803712368011,
3,33749,,0.07314949482679367,
3,33799,,0.07767684012651443,
3,33849,,0.07440359890460968,
3,33899,,0.09060103446245193,
3,33949,,0.07720106840133667,
3,33999,,0.07014751434326172,
3,34049,,0.0860505998134613,
3,34099,,0.07715027034282684,
3,34149,,0.07388018816709518,
3,34199,,0.0769709050655365,
3,34249,,0.06730766594409943,
3,34299,,0.08016974478960037,
3,34349,,0.0793023556470871,
3,34399,,0.07731296867132187,
3,34449,,0.059954240918159485,
3,34499,,0.08516117930412292,
3,34549,,0.09030630439519882,
3,34599,,0.10087767243385315,
3,34649,,0.06530899554491043,
3,34699,,0.07560914754867554,
3,34749,,0.09923321008682251,
3,34799,,0.08822007477283478,
3,34849,,0.06367817521095276,
3,34899,,0.08182918280363083,
3,34949,,0.08115247637033463,
3,34999,,0.06536725163459778,
3,35049,,0.06979401409626007,
3,35099,,0.09292497485876083,
3,35149,,0.0720905140042305,
3,35199,,0.08071917295455933,
3,35249,,0.06786130368709564,
3,35299,,0.07392235845327377,
3,35349,,0.07431408017873764,
3,35399,,0.07073713839054108,
3,35449,,0.08241341263055801,
3,35499,,0.07269258052110672,
3,35549,,0.07223889231681824,
3,35599,,0.07072438299655914,
3,35649,,0.08169867843389511,
3,35699,,0.07841132581233978,
3,35749,,0.06286083906888962,
3,35799,,0.05913058668375015,
3,35849,,0.08179591596126556,
3,35899,,0.07914911210536957,
3,35949,,0.0834546908736229,
3,35999,,0.10308081656694412,
3,36049,,0.07421524077653885,
3,36099,,0.08542508631944656,
3,36149,,0.092178575694561,
3,36199,,0.0744539350271225,
3,36249,,0.07953451573848724,
3,36299,,0.07089239358901978,
3,36349,,0.08331948518753052,
3,36399,,0.06347768008708954,
3,36449,,0.08386766165494919,
3,36499,,0.0826694518327713,
3,36549,,0.0523432232439518,
3,36599,,0.07043500989675522,
3,36649,,0.0742485374212265,
3,36699,,0.062347162514925,
3,36749,,0.050256434828042984,
3,36799,,0.07464366406202316,
3,36849,,0.07113377004861832,
3,36899,,0.0799088329076767,
3,36949,,0.05102793872356415,
3,36999,,0.06562117487192154,
3,37049,,0.06470663845539093,
3,37099,,0.056840721517801285,
3,37149,,0.0631704181432724,
3,37199,,0.0731230154633522,
3,37249,,0.06415893882513046,
3,37299,,0.05607113242149353,
3,37349,,0.07523291558027267,
3,37399,,0.05166824162006378,
3,37449,,0.05326714739203453,
3,37499,,0.05026402696967125,
3,37549,,0.06010185927152634,
3,37599,,0.05366358533501625,
3,37649,,0.0656161680817604,
3,37699,,0.06064479425549507,
3,37749,,0.06638441234827042,
3,37799,,0.06644778698682785,
3,37849,,0.05748521536588669,
3,37899,,0.05369461327791214,
3,37949,,0.05231282114982605,
3,37999,,0.061167843639850616,
3,38049,,0.07238544523715973,
3,38099,,0.05160542577505112,
3,38149,,0.0765276551246643,
3,38199,,0.06540742516517639,
3,38249,,0.07342173904180527,
3,38299,,0.06464453786611557,
3,38349,,0.04361468553543091,
3,38399,,0.0569031648337841,
3,38449,,0.04279834032058716,
3,38499,,0.04014362394809723,
3,38549,,0.06785574555397034,
3,38599,,0.040257103741168976,
3,38649,,0.06097385287284851,
3,38699,,0.04457823559641838,
3,38749,,0.0638178214430809,
3,38795,,,0.23684610426425934
3,38795,0.07537472248077393,,
4,38799,,0.0551590695977211,
4,38849,,0.06870301812887192,
4,38899,,0.0493035763502121,
4,38949,,0.06338871270418167,
4,38999,,0.05379549041390419,
4,39049,,0.03376132622361183,
4,39099,,0.045582231134176254,
4,39149,,0.051993366330862045,
4,39199,,0.0673048347234726,
4,39249,,0.05166750028729439,
4,39299,,0.06090131029486656,
4,39349,,0.03885570541024208,
4,39399,,0.05552144721150398,
4,39449,,0.04864858090877533,
4,39499,,0.04294732213020325,
4,39549,,0.04119361191987991,
4,39599,,0.04851086810231209,
4,39649,,0.03201986849308014,
4,39699,,0.051328692585229874,
4,39749,,0.03779225796461105,
4,39799,,0.04829242825508118,
4,39849,,0.04876597225666046,
4,39899,,0.038103073835372925,
4,39949,,0.03387027606368065,
4,39999,,0.04034939035773277,
4,40049,,0.045598104596138,
4,40099,,0.045767586678266525,
4,40149,,0.0510299950838089,
4,40199,,0.04155643284320831,
4,40249,,0.03732384741306305,
4,40299,,0.04863717779517174,
4,40349,,0.040938641875982285,
4,40399,,0.04686111584305763,
4,40449,,0.05537020415067673,
4,40499,,0.057667553424835205,
4,40549,,0.03746197372674942,
4,40599,,0.048456281423568726,
4,40649,,0.03604763373732567,
4,40699,,0.03703790158033371,
4,40749,,0.0890854150056839,
4,40799,,0.037987738847732544,
4,40849,,0.038810744881629944,
4,40899,,0.04974845424294472,
4,40949,,0.03748200461268425,
4,40999,,0.04106757789850235,
4,41049,,0.04227299615740776,
4,41099,,0.05056389793753624,
4,41149,,0.03951079398393631,
4,41199,,0.03803937882184982,
4,41249,,0.04728732630610466,
4,41299,,0.02864273637533188,
4,41349,,0.03240688890218735,
4,41399,,0.046621669083833694,
4,41449,,0.04398989677429199,
4,41499,,0.04127241298556328,
4,41549,,0.04280691593885422,
4,41599,,0.03935172036290169,
4,41649,,0.031340502202510834,
4,41699,,0.04185071587562561,
4,41749,,0.044000428169965744,
4,41799,,0.04116758331656456,
4,41849,,0.0261581689119339,
4,41899,,0.030172791332006454,
4,41949,,0.028980769217014313,
4,41999,,0.03436536714434624,
4,42049,,0.036464594304561615,
4,42099,,0.042112357914447784,
4,42149,,0.02738497219979763,
4,42199,,0.03680496662855148,
4,42249,,0.03958994895219803,
4,42299,,0.03277812898159027,
4,42349,,0.02849317342042923,
4,42399,,0.02516518160700798,
4,42449,,0.03515860438346863,
4,42499,,0.03137177601456642,
4,42549,,0.02827722765505314,
4,42599,,0.03885704278945923,
4,42649,,0.029211601242423058,
4,42699,,0.020550014451146126,
4,42749,,0.03702729195356369,
4,42799,,0.0426110178232193,
4,42849,,0.03775361180305481,
4,42899,,0.03894338011741638,
4,42949,,0.030262921005487442,
4,42999,,0.034894488751888275,
4,43049,,0.021394595503807068,
4,43099,,0.03661530092358589,
4,43149,,0.040914054960012436,
4,43199,,0.02644217573106289,
4,43249,,0.02715524658560753,
4,43299,,0.033652886748313904,
4,43349,,0.02648170292377472,
4,43399,,0.02706802450120449,
4,43449,,0.036135561764240265,
4,43499,,0.04125524312257767,
4,43549,,0.030177827924489975,
4,43599,,0.024789558723568916,
4,43649,,0.0321747250854969,
4,43699,,0.03841441869735718,
4,43749,,0.04575959965586662,
4,43799,,0.035653725266456604,
4,43849,,0.027803119271993637,
4,43899,,0.032086215913295746,
4,43949,,0.021947765722870827,
4,43999,,0.03831566870212555,
4,44049,,0.040227260440588,
4,44099,,0.03058495931327343,
4,44149,,0.026620566844940186,
4,44199,,0.01938110776245594,
4,44249,,0.029717236757278442,
4,44299,,0.03381907939910889,
4,44349,,0.024256443604826927,
4,44399,,0.02732667699456215,
4,44449,,0.02040131390094757,
4,44499,,0.02675374411046505,
4,44549,,0.03591660410165787,
4,44599,,0.026412175968289375,
4,44649,,0.02379446104168892,
4,44699,,0.02114543691277504,
4,44749,,0.02723490260541439,
4,44799,,0.03096471168100834,
4,44849,,0.023647578433156013,
4,44899,,0.024218494072556496,
4,44949,,0.02361661195755005,
4,44999,,0.029703091830015182,
4,45049,,0.024051818996667862,
4,45099,,0.04107552394270897,
4,45149,,0.03177522495388985,
4,45199,,0.0303545780479908,
4,45249,,0.018700093030929565,
4,45299,,0.042143456637859344,
4,45349,,0.022387929260730743,
4,45399,,0.022617703303694725,
4,45449,,0.02140241302549839,
4,45499,,0.02310268022119999,
4,45549,,0.03225820139050484,
4,45599,,0.029274117201566696,
4,45649,,0.0277413260191679,
4,45699,,0.0421866700053215,
4,45749,,0.026678014546632767,
4,45799,,0.04291932284832001,
4,45849,,0.03172529488801956,
4,45899,,0.038207050412893295,
4,45949,,0.030125942081212997,
4,45999,,0.03738424554467201,
4,46049,,0.03210984915494919,
4,46099,,0.025854643434286118,
4,46149,,0.029685765504837036,
4,46199,,0.034810472279787064,
4,46249,,0.0351402722299099,
4,46299,,0.025262029841542244,
4,46349,,0.03210172429680824,
4,46399,,0.026808254420757294,
4,46449,,0.024682477116584778,
4,46499,,0.03146135434508324,
4,46549,,0.03374439477920532,
4,46599,,0.030141765251755714,
4,46649,,0.02565845288336277,
4,46699,,0.032171666622161865,
4,46749,,0.02011900395154953,
4,46799,,0.0227474607527256,
4,46849,,0.03676086664199829,
4,46899,,0.04009784758090973,
4,46949,,0.026981953531503677,
4,46999,,0.03923645615577698,
4,47049,,0.02374480664730072,
4,47099,,0.04130072146654129,
4,47149,,0.01826549507677555,
4,47199,,0.03405798226594925,
4,47249,,0.02986304648220539,
4,47299,,0.02561551332473755,
4,47349,,0.017540374770760536,
4,47399,,0.03742499649524689,
4,47449,,0.020901748910546303,
4,47499,,0.02615496702492237,
4,47549,,0.02127012051641941,
4,47599,,0.027793733403086662,
4,47649,,0.03406083211302757,
4,47699,,0.026721490547060966,
4,47749,,0.03417723998427391,
4,47799,,0.030733486637473106,
4,47849,,0.03721088916063309,
4,47899,,0.020706437528133392,
4,47949,,0.04019858315587044,
4,47999,,0.04347687214612961,
4,48049,,0.036536507308483124,
4,48099,,0.04499218612909317,
4,48149,,0.04373082518577576,
4,48199,,0.026632778346538544,
4,48249,,0.03308124467730522,
4,48299,,0.02565641514956951,
4,48349,,0.029243486002087593,
4,48399,,0.026551255956292152,
4,48449,,0.027254987508058548,
4,48494,,,0.057817839086055756
4,48494,0.03566664084792137,,
5,48499,,0.02504502609372139,
5,48549,,0.018370579928159714,
5,48599,,0.023143304511904716,
5,48649,,0.036516886204481125,
5,48699,,0.03236459195613861,
5,48749,,0.027217091992497444,
5,48799,,0.033140625804662704,
5,48849,,0.02467888779938221,
5,48899,,0.0276482030749321,
5,48949,,0.033137932419776917,
5,48999,,0.0343833863735199,
5,49049,,0.0313887894153595,
5,49099,,0.02707650512456894,
5,49149,,0.01754920743405819,
5,49199,,0.022901682183146477,
5,49249,,0.029113641008734703,
5,49299,,0.026140732690691948,
5,49349,,0.02393094077706337,
5,49399,,0.026823896914720535,
5,49449,,0.0213271826505661,
5,49499,,0.028290776535868645,
5,49549,,0.02570275217294693,
5,49599,,0.024660862982273102,
5,49649,,0.03721727430820465,
5,49699,,0.031141038984060287,
5,49749,,0.03159152343869209,
5,49799,,0.029235871508717537,
5,49849,,0.033262740820646286,
5,49899,,0.022696560248732567,
5,49949,,0.02606075257062912,
5,49999,,0.028707750141620636,
5,50049,,0.028496505692601204,
5,50099,,0.02760595828294754,
5,50149,,0.021200263872742653,
5,50199,,0.029912244528532028,
5,50249,,0.028400087729096413,
5,50299,,0.02871241234242916,
5,50349,,0.02467850223183632,
5,50399,,0.025262773036956787,
5,50449,,0.031089402735233307,
5,50499,,0.02709423564374447,
5,50549,,0.03631492331624031,
5,50599,,0.029608089476823807,
5,50649,,0.02773378975689411,
5,50699,,0.02576943300664425,
5,50749,,0.022513849660754204,
5,50799,,0.020843759179115295,
5,50849,,0.01680457778275013,
5,50899,,0.01999482698738575,
5,50949,,0.030343564227223396,
5,50999,,0.025718705728650093,
5,51049,,0.02402697131037712,
5,51099,,0.021187856793403625,
5,51149,,0.02097424678504467,
5,51199,,0.027782799676060677,
5,51249,,0.025991814211010933,
5,51299,,0.025391703471541405,
5,51349,,0.03170476108789444,
5,51399,,0.027552800253033638,
5,51449,,0.023508263751864433,
5,51499,,0.02729950100183487,
5,51549,,0.032709963619709015,
5,51599,,0.025688115507364273,
5,51649,,0.02822691947221756,
5,51699,,0.02987021766602993,
5,51749,,0.029239175841212273,
5,51799,,0.02398233488202095,
5,51849,,0.030260343104600906,
5,51899,,0.02724778652191162,
5,51949,,0.02427057921886444,
5,51999,,0.02455778606235981,
5,52049,,0.025907544419169426,
5,52099,,0.0283058974891901,
5,52149,,0.02525976300239563,
5,52199,,0.03386523947119713,
5,52249,,0.028447523713111877,
5,52299,,0.02269744873046875,
5,52349,,0.021895764395594597,
5,52399,,0.025469498708844185,
5,52449,,0.027380309998989105,
5,52499,,0.03264516592025757,
5,52549,,0.028182804584503174,
5,52599,,0.02197936177253723,
5,52649,,0.040507759898900986,
5,52699,,0.030220624059438705,
5,52749,,0.03465058282017708,
5,52799,,0.02675158716738224,
5,52849,,0.0190318264067173,
5,52899,,0.023906229063868523,
5,52949,,0.035061005502939224,
5,52999,,0.022229719907045364,
5,53049,,0.020152904093265533,
5,53099,,0.026371652260422707,
5,53149,,0.02736165188252926,
5,53199,,0.02846900373697281,
5,53249,,0.03172488883137703,
5,53299,,0.03474203869700432,
5,53349,,0.033004432916641235,
5,53399,,0.04090018570423126,
5,53449,,0.035143084824085236,
5,53499,,0.03393529728055,
5,53549,,0.031156545504927635,
5,53599,,0.026878420263528824,
5,53649,,0.029138479381799698,
5,53699,,0.027757564559578896,
5,53749,,0.030426934361457825,
5,53799,,0.02686425670981407,
5,53849,,0.027116231620311737,
5,53899,,0.034782275557518005,
5,53949,,0.027694107964634895,
5,53999,,0.02140064723789692,
5,54049,,0.03375464677810669,
5,54099,,0.020215893164277077,
5,54149,,0.020419210195541382,
5,54199,,0.025792473927140236,
5,54249,,0.0217056255787611,
5,54299,,0.02036689780652523,
5,54349,,0.020957469940185547,
5,54399,,0.026426054537296295,
5,54449,,0.036686401814222336,
5,54499,,0.02463320642709732,
5,54549,,0.023046784102916718,
5,54599,,0.0187982227653265,
5,54649,,0.01940290629863739,
5,54699,,0.03348216414451599,
5,54749,,0.023741550743579865,
5,54799,,0.02688160538673401,
5,54849,,0.019715461879968643,
5,54899,,0.03171614184975624,
5,54949,,0.01836242713034153,
5,54999,,0.026379577815532684,
5,55049,,0.028204448521137238,
5,55099,,0.022812020033597946,
5,55149,,0.03217196464538574,
5,55199,,0.021714992821216583,
5,55249,,0.03400334343314171,
5,55299,,0.03304527327418327,
5,55349,,0.02662300504744053,
5,55399,,0.027521425858139992,
5,55449,,0.041575219482183456,
5,55499,,0.034418173134326935,
5,55549,,0.028298474848270416,
5,55599,,0.02352059632539749,
5,55649,,0.024555044248700142,
5,55699,,0.023513836786150932,
5,55749,,0.02770075760781765,
5,55799,,0.021366890519857407,
5,55849,,0.025777287781238556,
5,55899,,0.02653856761753559,
5,55949,,0.01596386358141899,
5,55999,,0.02937660738825798,
5,56049,,0.02425268292427063,
5,56099,,0.03074936382472515,
5,56149,,0.03234167769551277,
5,56199,,0.02637970820069313,
5,56249,,0.03798115625977516,
5,56299,,0.020328523591160774,
5,56349,,0.023836463689804077,
5,56399,,0.02264113910496235,
5,56449,,0.025316951796412468,
5,56499,,0.03700081631541252,
5,56549,,0.01771635189652443,
5,56599,,0.012227249331772327,
5,56649,,0.028703385964035988,
5,56699,,0.021746831014752388,
5,56749,,0.03576397895812988,
5,56799,,0.02971568889915943,
5,56849,,0.021707311272621155,
5,56899,,0.026634950190782547,
5,56949,,0.025697501376271248,
5,56999,,0.03047528862953186,
5,57049,,0.034587811678647995,
5,57099,,0.025787606835365295,
5,57149,,0.023085977882146835,
5,57199,,0.01937774568796158,
5,57249,,0.02680600807070732,
5,57299,,0.022999852895736694,
5,57349,,0.02954249270260334,
5,57399,,0.029753275215625763,
5,57449,,0.010820763185620308,
5,57499,,0.022869473323225975,
5,57549,,0.02405504696071148,
5,57599,,0.03015225939452648,
5,57649,,0.026765236631035805,
5,57699,,0.026065286248922348,
5,57749,,0.03194030001759529,
5,57799,,0.02715197019279003,
5,57849,,0.0287698395550251,
5,57899,,0.027741581201553345,
5,57949,,0.041591476649045944,
5,57999,,0.034665316343307495,
5,58049,,0.023389359936118126,
5,58099,,0.03377320617437363,
5,58149,,0.02591288834810257,
5,58193,,,0.037673160433769226
5,58193,0.028378959745168686,,
6,58199,,0.02701466903090477,
6,58249,,0.02789856307208538,
6,58299,,0.026157930493354797,
6,58349,,0.02837648056447506,
6,58399,,0.021675778552889824,
6,58449,,0.029954424127936363,
6,58499,,0.023304499685764313,
6,58549,,0.031088830903172493,
6,58599,,0.03219965472817421,
6,58649,,0.024563821032643318,
6,58699,,0.014806327410042286,
6,58749,,0.024232536554336548,
6,58799,,0.022349298000335693,
6,58849,,0.02980770170688629,
6,58899,,0.024315178394317627,
6,58949,,0.03240295872092247,
6,58999,,0.03736930340528488,
6,59049,,0.025391237810254097,
6,59099,,0.028312088921666145,
6,59149,,0.025853604078292847,
6,59199,,0.01940782181918621,
6,59249,,0.024464283138513565,
6,59299,,0.021812081336975098,
6,59349,,0.023237671703100204,
6,59399,,0.02591761201620102,
6,59449,,0.02450437657535076,
6,59499,,0.02156638912856579,
6,59549,,0.028816239908337593,
6,59599,,0.026547463610768318,
6,59649,,0.027307692915201187,
6,59699,,0.03112294338643551,
6,59749,,0.01705448143184185,
6,59799,,0.03374115005135536,
6,59849,,0.03307332843542099,
6,59899,,0.02994188852608204,
6,59949,,0.024869287386536598,
6,59999,,0.02422804944217205,
6,60049,,0.03548496216535568,
6,60099,,0.02635975368320942,
6,60149,,0.019176185131072998,
6,60199,,0.03269924968481064,
6,60249,,0.025921346619725227,
6,60299,,0.0203911941498518,
6,60349,,0.03205735236406326,
6,60399,,0.023821920156478882,
6,60449,,0.029016463086009026,
6,60499,,0.026046227663755417,
6,60549,,0.021303310990333557,
6,60599,,0.024704787880182266,
6,60649,,0.019203247502446175,
6,60699,,0.03523934260010719,
6,60749,,0.033477943390607834,
6,60799,,0.03688305243849754,
6,60849,,0.04384171590209007,
6,60899,,0.04059400036931038,
6,60949,,0.034808699041604996,
6,60999,,0.025244656950235367,
6,61049,,0.02450631931424141,
6,61099,,0.020087040960788727,
6,61149,,0.03642415627837181,
6,61199,,0.019838400185108185,
6,61249,,0.024517294019460678,
6,61299,,0.026555869728326797,
6,61349,,0.019698092713952065,
6,61399,,0.02279634214937687,
6,61449,,0.023933548480272293,
6,61499,,0.023188943043351173,
6,61549,,0.03764866292476654,
6,61599,,0.025403277948498726,
6,61649,,0.025221088901162148,
6,61699,,0.031409453600645065,
6,61749,,0.026134340092539787,
6,61799,,0.022928882390260696,
6,61849,,0.02687690779566765,
6,61899,,0.024603284895420074,
6,61949,,0.02132013812661171,
6,61999,,0.019060902297496796,
6,62049,,0.030869202688336372,
6,62099,,0.023029368370771408,
6,62149,,0.02398916520178318,
6,62199,,0.03203585371375084,
6,62249,,0.02295028045773506,
6,62299,,0.0221997182816267,
6,62349,,0.028246721252799034,
6,62399,,0.030895598232746124,
6,62449,,0.032446976751089096,
6,62499,,0.022047564387321472,
6,62549,,0.033117327839136124,
6,62599,,0.028821855783462524,
6,62649,,0.02289949357509613,
6,62699,,0.019310399889945984,
6,62749,,0.028766540810465813,
6,62799,,0.030768586322665215,
6,62849,,0.020099258050322533,
6,62899,,0.023569749668240547,
6,62949,,0.03317958861589432,
6,62999,,0.02629747986793518,
6,63049,,0.03275218978524208,
6,63099,,0.026721537113189697,
6,63149,,0.03366270661354065,
6,63199,,0.033442649990320206,
6,63249,,0.024340281262993813,
6,63299,,0.011864660307765007,
6,63349,,0.032397400587797165,
6,63399,,0.020863022655248642,
6,63449,,0.021786419674754143,
6,63499,,0.056838151067495346,
6,63549,,0.033167872577905655,
6,63599,,0.023671086877584457,
6,63649,,0.03440447896718979,
6,63699,,0.03524621203541756,
6,63749,,0.01910698041319847,
6,63799,,0.0255080945789814,
6,63849,,0.025174565613269806,
6,63899,,0.02625523880124092,
6,63949,,0.022606147453188896,
6,63999,,0.028977170586586,
6,64049,,0.020463060587644577,
6,64099,,0.03176254406571388,
6,64149,,0.026914257556200027,
6,64199,,0.03191378340125084,
6,64249,,0.02467241697013378,
6,64299,,0.025349097326397896,
6,64349,,0.03486622869968414,
6,64399,,0.029770437628030777,
6,64449,,0.033677101135253906,
6,64499,,0.033382754772901535,
6,64549,,0.01565617322921753,
6,64599,,0.02673410251736641,
6,64649,,0.026424221694469452,
6,64699,,0.026601802557706833,
6,64749,,0.03305516391992569,
6,64799,,0.02168869972229004,
6,64849,,0.026335015892982483,
6,64899,,0.02690700627863407,
6,64949,,0.036274928599596024,
6,64999,,0.03690630570054054,
6,65049,,0.033698517829179764,
6,65099,,0.015797914937138557,
6,65149,,0.035803914070129395,
6,65199,,0.016889745369553566,
6,65249,,0.024638814851641655,
6,65299,,0.02346588671207428,
6,65349,,0.023402132093906403,
6,65399,,0.025906624272465706,
6,65449,,0.03400260955095291,
6,65499,,0.028843354433774948,
6,65549,,0.020843613892793655,
6,65599,,0.03485164791345596,
6,65649,,0.030442701652646065,
6,65699,,0.023998256772756577,
6,65749,,0.062991663813591,
6,65799,,0.04536449909210205,
6,65849,,0.03490329906344414,
6,65899,,0.02495245821774006,
6,65949,,0.03272871673107147,
6,65999,,0.026205383241176605,
6,66049,,0.029562806710600853,
6,66099,,0.04194889962673187,
6,66149,,0.024680741131305695,
6,66199,,0.02324480563402176,
6,66249,,0.031676191836595535,
6,66299,,0.026894455775618553,
6,66349,,0.019792990759015083,
6,66399,,0.021315740421414375,
6,66449,,0.028404127806425095,
6,66499,,0.023190639913082123,
6,66549,,0.025473851710557938,
6,66599,,0.02398330718278885,
6,66649,,0.02543928474187851,
6,66699,,0.02407682314515114,
6,66749,,0.03322315588593483,
6,66799,,0.024888595566153526,
6,66849,,0.028307778760790825,
6,66899,,0.016881432384252548,
6,66949,,0.0255975890904665,
6,66999,,0.02913576178252697,
6,67049,,0.03068741038441658,
6,67099,,0.023962734267115593,
6,67149,,0.032703861594200134,
6,67199,,0.025493653491139412,
6,67249,,0.02193930372595787,
6,67299,,0.02028842642903328,
6,67349,,0.020973946899175644,
6,67399,,0.01760910078883171,
6,67449,,0.022263118997216225,
6,67499,,0.03198692202568054,
6,67549,,0.030977116897702217,
6,67599,,0.02328203245997429,
6,67649,,0.03133831545710564,
6,67699,,0.024369893595576286,
6,67749,,0.024835683405399323,
6,67799,,0.0296406801789999,
6,67849,,0.037638530135154724,
6,67892,,,0.12853136658668518
6,67892,0.02765265852212906,,
7,67899,,0.030299173668026924,
7,67949,,0.023322559893131256,
7,67999,,0.020594406872987747,
7,68049,,0.030961396172642708,
7,68099,,0.029061127454042435,
7,68149,,0.0201095063239336,
7,68199,,0.02358909696340561,
7,68249,,0.030425142496824265,
7,68299,,0.0276224035769701,
7,68349,,0.026535822078585625,
7,68399,,0.031016435474157333,
7,68449,,0.02820776402950287,
7,68499,,0.024512289091944695,
7,68549,,0.024848762899637222,
7,68599,,0.026647798717021942,
7,68649,,0.032078005373477936,
7,68699,,0.026940936222672462,
7,68749,,0.030641263350844383,
7,68799,,0.031853679567575455,
7,68849,,0.034196726977825165,
7,68899,,0.027779344469308853,
7,68949,,0.02604103647172451,
7,68999,,0.026723863556981087,
7,69049,,0.042926888912916183,
7,69099,,0.023657014593482018,
7,69149,,0.03369191661477089,
7,69199,,0.01438166480511427,
7,69249,,0.02599601447582245,
7,69299,,0.01739983819425106,
7,69349,,0.02881808951497078,
7,69399,,0.026492245495319366,
7,69449,,0.027853094041347504,
7,69499,,0.029946232214570045,
7,69549,,0.02489427663385868,
7,69599,,0.02217075414955616,
7,69649,,0.028409307822585106,
7,69699,,0.03789220750331879,
7,69749,,0.020767010748386383,
7,69799,,0.017249900847673416,
7,69849,,0.01991135999560356,
7,69899,,0.020288171246647835,
7,69949,,0.026218697428703308,
7,69999,,0.022747525945305824,
7,70049,,0.020551461726427078,
7,70099,,0.025250401347875595,
7,70149,,0.02852393500506878,
7,70199,,0.029846802353858948,
7,70249,,0.026981644332408905,
7,70299,,0.02351108193397522,
7,70349,,0.029835253953933716,
7,70399,,0.025876538828015327,
7,70449,,0.02916044555604458,
7,70499,,0.02958768792450428,
7,70549,,0.02161305397748947,
7,70599,,0.026624297723174095,
7,70649,,0.02477296069264412,
7,70699,,0.035844895988702774,
7,70749,,0.03187871351838112,
7,70799,,0.032302096486091614,
7,70849,,0.019472859799861908,
7,70899,,0.033051323145627975,
7,70949,,0.052189674228429794,
7,70999,,0.031194036826491356,
7,71049,,0.04097622260451317,
7,71099,,0.017323238775134087,
7,71149,,0.02813093550503254,
7,71199,,0.02274089865386486,
7,71249,,0.038929253816604614,
7,71299,,0.023979663848876953,
7,71349,,0.01983398199081421,
7,71399,,0.02385830506682396,
7,71449,,0.02616141550242901,
7,71499,,0.026437757536768913,
7,71549,,0.031001301482319832,
7,71599,,0.030911102890968323,
7,71649,,0.01517832837998867,
7,71699,,0.022631695494055748,
7,71749,,0.018226997926831245,
7,71799,,0.03023071214556694,
7,71849,,0.033896539360284805,
7,71899,,0.02577858977019787,
7,71949,,0.03396528586745262,
7,71999,,0.02736414037644863,
7,72049,,0.020852094516158104,
7,72099,,0.01908121444284916,
7,72149,,0.020248983055353165,
7,72199,,0.028276413679122925,
7,72249,,0.03429630026221275,
7,72299,,0.01816657744348049,
7,72349,,0.033853013068437576,
7,72399,,0.021893911063671112,
7,72449,,0.024554340168833733,
7,72499,,0.0275955181568861,
7,72549,,0.03522901237010956,
7,72599,,0.026574118062853813,
7,72649,,0.031863972544670105,
7,72699,,0.022061143070459366,
7,72749,,0.02209615893661976,
7,72799,,0.026806794106960297,
7,72849,,0.025985170155763626,
7,72899,,0.032390572130680084,
7,72949,,0.023013131693005562,
7,72999,,0.03757980465888977,
7,73049,,0.0312783420085907,
7,73099,,0.021461984142661095,
7,73149,,0.015566114336252213,
7,73199,,0.023281976580619812,
7,73249,,0.018406758084893227,
7,73299,,0.02673919126391411,
7,73349,,0.01976657658815384,
7,73399,,0.02073318138718605,
7,73449,,0.03064417652785778,
7,73499,,0.02129543572664261,
7,73549,,0.034556519240140915,
7,73599,,0.026509210467338562,
7,73649,,0.026933545246720314,
7,73699,,0.03791879117488861,
7,73749,,0.031043844297528267,
7,73799,,0.03314480930566788,
7,73849,,0.031460925936698914,
7,73899,,0.03539406135678291,
7,73949,,0.02152100019156933,
7,73999,,0.022588729858398438,
7,74049,,0.024635471403598785,
7,74099,,0.031094053760170937,
7,74149,,0.023811617866158485,
7,74199,,0.03612605482339859,
7,74249,,0.027596239000558853,
7,74299,,0.02021149918437004,
7,74349,,0.03285466134548187,
7,74399,,0.02214168943464756,
7,74449,,0.024835187941789627,
7,74499,,0.030445752665400505,
7,74549,,0.014438983052968979,
7,74599,,0.02274474874138832,
7,74649,,0.020802320912480354,
7,74699,,0.017244480550289154,
7,74749,,0.035191867500543594,
7,74799,,0.026364339515566826,
7,74849,,0.014685551635921001,
7,74899,,0.025540931150317192,
7,74949,,0.02474287897348404,
7,74999,,0.02576337940990925,
7,75049,,0.02499716728925705,
7,75099,,0.026151277124881744,
7,75149,,0.021966293454170227,
7,75199,,0.03368057310581207,
7,75249,,0.022363023832440376,
7,75299,,0.021117310971021652,
7,75349,,0.025247696787118912,
7,75399,,0.0274185873568058,
7,75449,,0.02121761068701744,
7,75499,,0.027724627405405045,
7,75549,,0.03225839510560036,
7,75599,,0.023181214928627014,
7,75649,,0.020058123394846916,
7,75699,,0.02469664067029953,
7,75749,,0.027211589738726616,
7,75799,,0.017096035182476044,
7,75849,,0.024616273120045662,
7,75899,,0.020003246143460274,
7,75949,,0.03389705717563629,
7,75999,,0.03338852897286415,
7,76049,,0.017257649451494217,
7,76099,,0.01885175332427025,
7,76149,,0.016731571406126022,
7,76199,,0.026608334854245186,
7,76249,,0.02551986090838909,
7,76299,,0.02134033665060997,
7,76349,,0.01920725777745247,
7,76399,,0.019628461450338364,
7,76449,,0.01949099637567997,
7,76499,,0.026189835742115974,
7,76549,,0.01999492011964321,
7,76599,,0.03874237835407257,
7,76649,,0.023963211104273796,
7,76699,,0.02421957068145275,
7,76749,,0.019283447414636612,
7,76799,,0.022334152832627296,
7,76849,,0.025785330682992935,
7,76899,,0.01742577739059925,
7,76949,,0.059711016714572906,
7,76999,,0.04909655451774597,
7,77049,,0.0305614173412323,
7,77099,,0.027656415477395058,
7,77149,,0.026485931128263474,
7,77199,,0.021845048293471336,
7,77249,,0.03520640358328819,
7,77299,,0.02943168766796589,
7,77349,,0.018515197560191154,
7,77399,,0.03125329315662384,
7,77449,,0.01741463504731655,
7,77499,,0.02524510771036148,
7,77549,,0.03543828800320625,
7,77591,,,0.029697516933083534
7,77591,0.02712731622159481,,
8,77599,,0.02096819318830967,
8,77649,,0.028265634551644325,
8,77699,,0.01980127952992916,
8,77749,,0.02738681621849537,
8,77799,,0.019613105803728104,
8,77849,,0.023317262530326843,
8,77899,,0.02344856597483158,
8,77949,,0.020251629874110222,
8,77999,,0.021700074896216393,
8,78049,,0.027743453159928322,
8,78099,,0.015972916036844254,
8,78149,,0.023266702890396118,
8,78199,,0.03182314336299896,
8,78249,,0.020216982811689377,
8,78299,,0.01915942318737507,
8,78349,,0.028494911268353462,
8,78399,,0.03591775894165039,
8,78449,,0.022235171869397163,
8,78499,,0.022625727578997612,
8,78549,,0.024078743532299995,
8,78599,,0.024692842736840248,
8,78649,,0.03213922306895256,
8,78699,,0.02713041938841343,
8,78749,,0.023248841986060143,
8,78799,,0.02856125310063362,
8,78849,,0.033273614943027496,
8,78899,,0.021617591381072998,
8,78949,,0.022014642134308815,
8,78999,,0.03470367193222046,
8,79049,,0.025060158222913742,
8,79099,,0.026725610718131065,
8,79149,,0.037075214087963104,
8,79199,,0.029871545732021332,
8,79249,,0.027889864519238472,
8,79299,,0.022686820477247238,
8,79349,,0.027337342500686646,
8,79399,,0.03602570667862892,
8,79449,,0.03623887151479721,
8,79499,,0.018354695290327072,
8,79549,,0.03121459297835827,
8,79599,,0.03550249710679054,
8,79649,,0.02114877849817276,
8,79699,,0.022594386711716652,
8,79749,,0.0180828720331192,
8,79799,,0.03228682279586792,
8,79849,,0.02882523089647293,
8,79899,,0.02643485739827156,
8,79949,,0.0196953397244215,
8,79999,,0.021009279415011406,
8,80049,,0.01597713679075241,
8,80099,,0.020375864580273628,
8,80149,,0.03254811093211174,
8,80199,,0.022032417356967926,
8,80249,,0.031010406091809273,
8,80299,,0.034217044711112976,
8,80349,,0.05518927052617073,
8,80399,,0.047244541347026825,
8,80449,,0.023783951997756958,
8,80499,,0.030642101541161537,
8,80549,,0.02703043818473816,
8,80599,,0.021415950730443,
8,80649,,0.024320989847183228,
8,80699,,0.022264279425144196,
8,80749,,0.02714470773935318,
8,80799,,0.02317189984023571,
8,80849,,0.02810840494930744,
8,80899,,0.01925024576485157,
8,80949,,0.024617932736873627,
8,80999,,0.019794313237071037,
8,81049,,0.02800305001437664,
8,81099,,0.03002672642469406,
8,81149,,0.028371063992381096,
8,81199,,0.02577432431280613,
8,81249,,0.010098275728523731,
8,81299,,0.030843893066048622,
8,81349,,0.02331870049238205,
8,81399,,0.02282133884727955,
8,81449,,0.028224175795912743,
8,81499,,0.028258511796593666,
8,81549,,0.01918366737663746,
8,81599,,0.028569074347615242,
8,81649,,0.025223588570952415,
8,81699,,0.0235701072961092,
8,81749,,0.02460308186709881,
8,81799,,0.0243912972509861,
8,81849,,0.01890738680958748,
8,81899,,0.026405656710267067,
8,81949,,0.03295982629060745,
8,81999,,0.03819158300757408,
8,82049,,0.02741926722228527,
8,82099,,0.01714528724551201,
8,82149,,0.02217838726937771,
8,82199,,0.026105929166078568,
8,82249,,0.03635460138320923,
8,82299,,0.020329507067799568,
8,82349,,0.017724381759762764,
8,82399,,0.025631127879023552,
8,82449,,0.040674395859241486,
8,82499,,0.023381922394037247,
8,82549,,0.012167406268417835,
8,82599,,0.03500388562679291,
8,82649,,0.020472759380936623,
8,82699,,0.018903255462646484,
8,82749,,0.028349896892905235,
8,82799,,0.02595311589539051,
8,82849,,0.021737676113843918,
8,82899,,0.028145939111709595,
8,82949,,0.028064148500561714,
8,82999,,0.03069434128701687,
8,83049,,0.03434571251273155,
8,83099,,0.021716943010687828,
8,83149,,0.02621239610016346,
8,83199,,0.023711061105132103,
8,83249,,0.029343752190470695,
8,83299,,0.02438429556787014,
8,83349,,0.027953539043664932,
8,83399,,0.030107827857136726,
8,83449,,0.024608543142676353,
8,83499,,0.025232898071408272,
8,83549,,0.027314500883221626,
8,83599,,0.02131206914782524,
8,83649,,0.022012272849678993,
8,83699,,0.038003772497177124,
8,83749,,0.030724309384822845,
8,83799,,0.018744638189673424,
8,83849,,0.022617854177951813,
8,83899,,0.01751047559082508,
8,83949,,0.02787972055375576,
8,83999,,0.03140205517411232,
8,84049,,0.0628768801689148,
8,84099,,0.049923110753297806,
8,84149,,0.031582657247781754,
8,84199,,0.02600334770977497,
8,84249,,0.028181850910186768,
8,84299,,0.048849381506443024,
8,84349,,0.03147173672914505,
8,84399,,0.023833779618144035,
8,84449,,0.02330772951245308,
8,84499,,0.023947300389409065,
8,84549,,0.03208687901496887,
8,84599,,0.036141470074653625,
8,84649,,0.0260623712092638,
8,84699,,0.029077045619487762,
8,84749,,0.021523134782910347,
8,84799,,0.024116063490509987,
8,84849,,0.03259216621518135,
8,84899,,0.024125123396515846,
8,84949,,0.028164533898234367,
8,84999,,0.021786300465464592,
8,85049,,0.027242202311754227,
8,85099,,0.014911506325006485,
8,85149,,0.019374798983335495,
8,85199,,0.02720160409808159,
8,85249,,0.027217062190175056,
8,85299,,0.033130258321762085,
8,85349,,0.030568372458219528,
8,85399,,0.025220073759555817,
8,85449,,0.03427090495824814,
8,85499,,0.020634472370147705,
8,85549,,0.02262274920940399,
8,85599,,0.02462448552250862,
8,85649,,0.016247181221842766,
8,85699,,0.03355240821838379,
8,85749,,0.025382112711668015,
8,85799,,0.022899672389030457,
8,85849,,0.025418702512979507,
8,85899,,0.022810788825154305,
8,85949,,0.027575235813856125,
8,85999,,0.026918774470686913,
8,86049,,0.031231848523020744,
8,86099,,0.026248136535286903,
8,86149,,0.01788529008626938,
8,86199,,0.03018830716609955,
8,86249,,0.023866258561611176,
8,86299,,0.0269204992800951,
8,86349,,0.027105536311864853,
8,86399,,0.027805332094430923,
8,86449,,0.024382084608078003,
8,86499,,0.031929779797792435,
8,86549,,0.017916394397616386,
8,86599,,0.025670072063803673,
8,86649,,0.026523491367697716,
8,86699,,0.02503257431089878,
8,86749,,0.01731385476887226,
8,86799,,0.021701257675886154,
8,86849,,0.03032074123620987,
8,86899,,0.03413793444633484,
8,86949,,0.023529428988695145,
8,86999,,0.03619322553277016,
8,87049,,0.024280579760670662,
8,87099,,0.04252459108829498,
8,87149,,0.027869150042533875,
8,87199,,0.024715833365917206,
8,87249,,0.024327876046299934,
8,87290,,,0.029556039720773697
8,87290,0.026853714138269424,,
9,87299,,0.024863282218575478,
9,87349,,0.024911006912589073,
9,87399,,0.028736159205436707,
9,87449,,0.031774431467056274,
9,87499,,0.024773331359028816,
9,87549,,0.021146779879927635,
9,87599,,0.028920091688632965,
9,87649,,0.025391096249222755,
9,87699,,0.028499584645032883,
9,87749,,0.027699653059244156,
9,87799,,0.015726065263152122,
9,87849,,0.017409473657608032,
9,87899,,0.022398412227630615,
9,87949,,0.03744350001215935,
9,87999,,0.021013133227825165,
9,88049,,0.02413504756987095,
9,88099,,0.017918866127729416,
9,88149,,0.024305954575538635,
9,88199,,0.036376260221004486,
9,88249,,0.022811513394117355,
9,88299,,0.023391027003526688,
9,88349,,0.02710091695189476,
9,88399,,0.03575113043189049,
9,88449,,0.023935658857226372,
9,88499,,0.03385569900274277,
9,88549,,0.027283314615488052,
9,88599,,0.025099975988268852,
9,88649,,0.03003152459859848,
9,88699,,0.024277321994304657,
9,88749,,0.027034224942326546,
9,88799,,0.03749851509928703,
9,88849,,0.029221396893262863,
9,88899,,0.02859620749950409,
9,88949,,0.01996546797454357,
9,88999,,0.02822529524564743,
9,89049,,0.02814234420657158,
9,89099,,0.023017754778265953,
9,89149,,0.032042644917964935,
9,89199,,0.01567905955016613,
9,89249,,0.024979161098599434,
9,89299,,0.024781331419944763,
9,89349,,0.02569732628762722,
9,89399,,0.028713153675198555,
9,89449,,0.019145730882883072,
9,89499,,0.026389990001916885,
9,89549,,0.03861773759126663,
9,89599,,0.019914451986551285,
9,89649,,0.020145190879702568,
9,89699,,0.032205961644649506,
9,89749,,0.020226184278726578,
9,89799,,0.017430013045668602,
9,89849,,0.017917927354574203,
9,89899,,0.028610577806830406,
9,89949,,0.020956849679350853,
9,89999,,0.023904507979750633,
9,90049,,0.02060282602906227,
9,90099,,0.02786826901137829,
9,90149,,0.03070354461669922,
9,90199,,0.014767571352422237,
9,90249,,0.029791386798024178,
